{
    "mEngine": {
        "mTorqueCurve": {
            "serializedVersion": "2",
            "m_Curve": [
                {
                    "serializedVersion": "3",
                    "time": 0.0,
                    "value": 0.0,
                    "inSlope": 0.07500000298023224,
                    "outSlope": 0.07500000298023224,
                    "tangentMode": 0,
                    "weightedMode": 0,
                    "inWeight": 0.3333333432674408,
                    "outWeight": 0.3333333432674408
                },
                {
                    "serializedVersion": "3",
                    "time": 950.0,
                    "value": 275.0,
                    "inSlope": 0.10546232014894486,
                    "outSlope": 0.10546232014894486,
                    "tangentMode": 0,
                    "weightedMode": 0,
                    "inWeight": 0.2368728071451187,
                    "outWeight": 0.05856107175350189
                },
                {
                    "serializedVersion": "3",
                    "time": 5500.0,
                    "value": 475.0,
                    "inSlope": 0.0,
                    "outSlope": 0.0,
                    "tangentMode": 0,
                    "weightedMode": 0,
                    "inWeight": 0.3333333432674408,
                    "outWeight": 0.18226367235183717
                },
                {
                    "serializedVersion": "3",
                    "time": 9000.0,
                    "value": 350.0,
                    "inSlope": -0.08777368068695069,
                    "outSlope": -0.08777368068695069,
                    "tangentMode": 0,
                    "weightedMode": 0,
                    "inWeight": 0.1568261682987213,
                    "outWeight": 0.3333333432674408
                }
            ],
            "m_PreInfinity": 2,
            "m_PostInfinity": 2,
            "m_RotationOrder": 4
        },
        "mTorqueScale": 1.0,
        "mIdleRpm": 1200.0,
        "mLimitRpm": 10000.0,
        "mLimiterTime": 75.0,
        "mEngineInertia": 0.20000000298023225,
        "mFrictionTorque": 50.0
    },
    "mTransmission": {
        "mGearRatios": [
            4.5,
            2.700000047683716,
            2.0,
            1.649999976158142,
            1.375,
            1.1749999523162842,
            5.0
        ],
        "mFinalGearRatio": 3.5,
        "mAutoChange": true,
        "mAutoReverse": true,
        "mAutoClutch": true,
        "mChangeTime": 100.0,
        "mClutchTime": 100.0,
        "mGearUpRatio": 80.0,
        "mGearDownRatio": 60.0,
        "mClutchEngagement": {
            "serializedVersion": "2",
            "m_Curve": [
                {
                    "serializedVersion": "3",
                    "time": 0.0,
                    "value": 0.0,
                    "inSlope": 1.0,
                    "outSlope": 1.0,
                    "tangentMode": 0,
                    "weightedMode": 0,
                    "inWeight": 0.3333333432674408,
                    "outWeight": 0.3333333432674408
                },
                {
                    "serializedVersion": "3",
                    "time": 1.0,
                    "value": 1.0,
                    "inSlope": 1.0,
                    "outSlope": 1.0,
                    "tangentMode": 0,
                    "weightedMode": 0,
                    "inWeight": 0.3333333432674408,
                    "outWeight": 0.3333333432674408
                }
            ],
            "m_PreInfinity": 2,
            "m_PostInfinity": 2,
            "m_RotationOrder": 4
        },
        "mClutchScale": 100.0
    },
    "mAxleList": [
        {
            "mDifferentialType": 0,
            "mWheelOptions": {
                "mTireModel": {
                    "instanceID": 28210
                },
                "mLateralFriction": 1.100000023841858,
                "mLongitudinalFriction": 1.0,
                "mLateralScale": 1.100000023841858,
                "mLongitudinalScale": 1.0,
                "mOverturnScale": 1.0,
                "mRollMomentScale": 1.0,
                "mSelfAlignScale": 1.0,
                "mRadius": 0.382546603679657,
                "mWidth": 0.28990936279296877,
                "mMass": 5.0,
                "mTirePressure": 2.0,
                "mBrakeTorque": 5000.0,
                "mSuspensionUpTravel": 0.10000000149011612,
                "mSuspensionDownTravel": 0.10000000149011612,
                "mSuspensionSpring": 50.0,
                "mCompressionDamper": 3500.0,
                "mRelaxationDamper": 3500.0,
                "mSuspensionPreload": 0.0
            },
            "mWheelLeft": {
                "mWheelTransform": {
                    "instanceID": -2928
                },
                "mConvexMesh": {
                    "instanceID": 0
                },
                "mIsActive": true
            },
            "mWheelRight": {
                "mWheelTransform": {
                    "instanceID": -2940
                },
                "mConvexMesh": {
                    "instanceID": 0
                },
                "mIsActive": true
            },
            "mTorqueShare": 0.0,
            "mMaxSteerAngle": 35.0,
            "mAckermanCoeff": 1.0,
            "mAckermanReferenceIndex": 1,
            "mHasHandbrake": false,
            "mDiffStrength": 0.25,
            "mCamberAngle": 0.0,
            "mToeAngle": 0.0
        },
        {
            "mDifferentialType": 2,
            "mWheelOptions": {
                "mTireModel": {
                    "instanceID": 28210
                },
                "mLateralFriction": 1.2000000476837159,
                "mLongitudinalFriction": 1.100000023841858,
                "mLateralScale": 1.2000000476837159,
                "mLongitudinalScale": 1.0,
                "mOverturnScale": 1.0,
                "mRollMomentScale": 1.0,
                "mSelfAlignScale": 1.0,
                "mRadius": 0.39186209440231326,
                "mWidth": 0.3272247314453125,
                "mMass": 5.0,
                "mTirePressure": 2.0,
                "mBrakeTorque": 4000.0,
                "mSuspensionUpTravel": 0.10000000149011612,
                "mSuspensionDownTravel": 0.10000000149011612,
                "mSuspensionSpring": 50.0,
                "mCompressionDamper": 3500.0,
                "mRelaxationDamper": 3500.0,
                "mSuspensionPreload": 0.0
            },
            "mWheelLeft": {
                "mWheelTransform": {
                    "instanceID": -2952
                },
                "mConvexMesh": {
                    "instanceID": 0
                },
                "mIsActive": true
            },
            "mWheelRight": {
                "mWheelTransform": {
                    "instanceID": -2964
                },
                "mConvexMesh": {
                    "instanceID": 0
                },
                "mIsActive": true
            },
            "mTorqueShare": 1.0,
            "mMaxSteerAngle": 0.0,
            "mAckermanCoeff": 1.0,
            "mAckermanReferenceIndex": 1,
            "mHasHandbrake": true,
            "mDiffStrength": 0.5,
            "mCamberAngle": 0.0,
            "mToeAngle": 0.0
        }
    ],
    "mStandardInput": {
        "mEnabled": true,
        "mControllerType": 0,
        "mShifterType": 0,
        "mUseRawAxis": true,
        "mCombinedAxis": true,
        "mVerticalAxis": "Vertical",
        "mHorizontalAxis": "Horizontal",
        "mThrottleAxis": "Vertical",
        "mBrakeAxis": "Vertical",
        "mLeftAxis": "Horizontal",
        "mRightAxis": "Horizontal",
        "mClutchAxis": "Clutch",
        "mHandbrakeAxis": "Handbrake",
        "mShiftAxis": "SequentialGear",
        "mShift1Axis": "",
        "mShift2Axis": "",
        "mShift3Axis": "",
        "mShift4Axis": "",
        "mShift5Axis": "",