{
    "mEngine": {
        "mTorqueCurve": {
            "serializedVersion": "2",
            "m_Curve": [
                {
                    "serializedVersion": "3",
                    "time": 0.0,
                    "value": 0.0,
                    "inSlope": 0.07500000298023224,
                    "outSlope": 0.07500000298023224,
                    "tangentMode": 0,
                    "weightedMode": 0,
                    "inWeight": 0.3333333432674408,
                    "outWeight": 0.3333333432674408
                },
                {
                    "serializedVersion": "3",
                    "time": 2000.0,
                    "value": 150.0,
                    "inSlope": 0.019217215478420259,
                    "outSlope": 0.019217215478420259,
                    "tangentMode": 0,
                    "weightedMode": 0,
                    "inWeight": 0.2368728071451187,
                    "outWeight": 0.04929989576339722
                },
                {
                    "serializedVersion": "3",
                    "time": 9978.99609375,
                    "value": 275.0,
                    "inSlope": -0.0019397635478526354,
                    "outSlope": -0.0019397635478526354,
                    "tangentMode": 0,
                    "weightedMode": 0,
                    "inWeight": 0.12007799744606018,
                    "outWeight": 0.12278152257204056
                },
                {
                    "serializedVersion": "3",
                    "time": 18000.0,
                    "value": 200.0,
                    "inSlope": -0.021219033747911454,
                    "outSlope": -0.021219033747911454,
                    "tangentMode": 0,
                    "weightedMode": 0,
                    "inWeight": 0.1256909966468811,
                    "outWeight": 0.3333333432674408
                }
            ],
            "m_PreInfinity": 2,
            "m_PostInfinity": 2,
            "m_RotationOrder": 4
        },
        "mTorqueScale": 1.0,
        "mIdleRpm": 2000.0,
        "mLimitRpm": 18000.0,
        "mLimiterTime": 20.0,
        "mEngineInertia": 0.07500000298023224,
        "mFrictionTorque": 75.0
    },
    "mTransmission": {
        "mGearRatios": [
            4.300000190734863,
            2.700000047683716,
            2.0,
            1.649999976158142,
            1.375,
            1.1749999523162842,
            1.0,
            5.0
        ],
        "mFinalGearRatio": 6.0,
        "mAutoChange": true,
        "mAutoReverse": true,
        "mAutoClutch": true,
        "mChangeTime": 50.0,
        "mClutchTime": 50.0,
        "mGearUpRatio": 90.0,
        "mGearDownRatio": 75.0,
        "mClutchEngagement": {
            "serializedVersion": "2",
            "m_Curve": [
                {
                    "serializedVersion": "3",
                    "time": 0.0,
                    "value": 0.0,
                    "inSlope": 1.0,
                    "outSlope": 1.0,
                    "tangentMode": 0,
                    "weightedMode": 0,
                    "inWeight": 0.3333333432674408,
                    "outWeight": 0.3333333432674408
                },
                {
                    "serializedVersion": "3",
                    "time": 1.0,
                    "value": 1.0,
                    "inSlope": 1.0,
                    "outSlope": 1.0,
                    "tangentMode": 0,
                    "weightedMode": 0,
                    "inWeight": 0.3333333432674408,
                    "outWeight": 0.3333333432674408
                }
            ],
            "m_PreInfinity": 2,
            "m_PostInfinity": 2,
            "m_RotationOrder": 4
        },
        "mClutchScale": 100.0
    },
    "mAxleList": [
        {
            "mDifferentialType": 0,
            "mWheelOptions": {
                "mTireModel": {
                    "instanceID": 28926
                },
                "mLateralFriction": 1.225000023841858,
                "mLongitudinalFriction": 1.225000023841858,
                "mLateralScale": 1.0,
                "mLongitudinalScale": 1.0,
                "mOverturnScale": 0.0,
                "mRollMomentScale": 0.0,
                "mSelfAlignScale": 0.0,
                "mRadius": 0.30000001192092898,
                "mWidth": 0.24500000476837159,
                "mMass": 5.0,
                "mTirePressure": 2.0,
                "mBrakeTorque": 4000.0,
                "mSuspensionUpTravel": 0.05000000074505806,
                "mSuspensionDownTravel": 0.05000000074505806,
                "mSuspensionSpring": 45.0,
                "mCompressionDamper": 2000.0,
                "mRelaxationDamper": 2000.0,
                "mSuspensionPreload": 0.0
            },
            "mWheelLeft": {
                "mWheelTransform": {
                    "instanceID": 0
                },
                "mConvexMesh": {
                    "instanceID": 0
                },
                "mIsActive": true
            },
            "mWheelRight": {
                "mWheelTransform": {
                    "instanceID": 0
                },
                "mConvexMesh": {
                    "instanceID": 0
                },
                "mIsActive": true
            },
            "mTorqueShare": 0.0,
            "mMaxSteerAngle": 35.0,
            "mAckermanCoeff": 1.0,
            "mAckermanReferenceIndex": 1,
            "mHasHandbrake": false,
            "mDiffStrength": 0.25,
            "mCamberAngle": 0.0,
            "mToeAngle": 0.0
        },
        {
            "mDifferentialType": 2,
            "mWheelOptions": {
                "mTireModel": {
                    "instanceID": 28926
                },
                "mLateralFriction": 1.625,
                "mLongitudinalFriction": 1.625,
                "mLateralScale": 1.0,
                "mLongitudinalScale": 1.0,
                "mOverturnScale": 0.0,
                "mRollMomentScale": 0.0,
                "mSelfAlignScale": 0.0,
                "mRadius": 0.33000001311302187,
                "mWidth": 0.32499998807907107,
                "mMass": 5.0,
                "mTirePressure": 2.0,
                "mBrakeTorque": 4000.0,
                "mSuspensionUpTravel": 0.05000000074505806,
                "mSuspensionDownTravel": 0.05000000074505806,
                "mSuspensionSpring": 40.0,
                "mCompressionDamper": 2000.0,
                "mRelaxationDamper": 2000.0,
                "mSuspensionPreload": 0.0
            },
            "mWheelLeft": {
                "mWheelTransform": {
                    "instanceID": 0
                },
                "mConvexMesh": {
                    "instanceID": 0
                },
                "mIsActive": true
            },
            "mWheelRight": {
                "mWheelTransform": {
                    "instanceID": 0
                },
                "mConvexMesh": {
                    "instanceID": 0
                },
                "mIsActive": true
            },
            "mTorqueShare": 1.0,
            "mMaxSteerAngle": 0.0,
            "mAckermanCoeff": 1.0,
            "mAckermanReferenceIndex": 1,
            "mHasHandbrake": true,
            "mDiffStrength": 0.3499999940395355,
            "mCamberAngle": 0.0,
            "mToeAngle": 0.0
        }
    ],
    "mStandardInput": {
        "mEnabled": true,
        "mControllerType": 0,
        "mShifterType": 0,
        "mUseRawAxis": true,
        "mCombinedAxis": true,
        "mVerticalAxis": "Vertical",
        "mHorizontalAxis": "Horizontal",
        "mThrottleAxis": "Vertical",
        "mBrakeAxis": "Vertical",
        "mLeftAxis": "Horizontal",
        "mRightAxis": "Horizontal",
        "mClutchAxis": "Clutch",
        "mHandbrakeAxis": "Handbrake",
        "mShiftAxis": "SequentialGear",
        "mShift1Axis": "Shift1",
        "mShift2Axis": "Shift2",
        "mShift3Axis": "Shift3",