{
    "mEngine": {
        "mTorqueCurve": {
            "serializedVersion": "2",
            "m_Curve": [
                {
                    "serializedVersion": "3",
                    "time": 0.0,
                    "value": 0.0,
                    "inSlope": 0.07500000298023224,
                    "outSlope": 0.07500000298023224,
                    "tangentMode": 0,
                    "weightedMode": 0,
                    "inWeight": 0.3333333432674408,
                    "outWeight": 0.3333333432674408
                },
                {
                    "serializedVersion": "3",
                    "time": 1000.0,
                    "value": 300.0,
                    "inSlope": 0.11630624532699585,
                    "outSlope": 0.11630624532699585,
                    "tangentMode": 0,
                    "weightedMode": 0,
                    "inWeight": 0.2368728071451187,
                    "outWeight": 0.07524367421865463
                },
                {
                    "serializedVersion": "3",
                    "time": 3992.998779296875,
                    "value": 450.0,
                    "inSlope": -0.002573238452896476,
                    "outSlope": -0.002573238452896476,
                    "tangentMode": 0,
                    "weightedMode": 0,
                    "inWeight": 0.12007799744606018,
                    "outWeight": 0.3333333432674408
                },
                {
                    "serializedVersion": "3",
                    "time": 6000.0,
                    "value": 350.0,
                    "inSlope": -0.02500000037252903,
                    "outSlope": -0.02500000037252903,
                    "tangentMode": 0,
                    "weightedMode": 0,
                    "inWeight": 0.3333333432674408,
                    "outWeight": 0.3333333432674408
                }
            ],
            "m_PreInfinity": 2,
            "m_PostInfinity": 2,
            "m_RotationOrder": 4
        },
        "mTorqueScale": 1.0,
        "mIdleRpm": 1000.0,
        "mLimitRpm": 6500.0,
        "mLimiterTime": 100.0,
        "mEngineInertia": 0.25,
        "mFrictionTorque": 100.0
    },
    "mTransmission": {
        "mGearRatios": [
            4.300000190734863,
            2.700000047683716,
            2.0,
            1.649999976158142,
            1.375,
            1.1749999523162842,
            5.0
        ],
        "mFinalGearRatio": 2.75,
        "mAutoChange": true,
        "mAutoReverse": true,
        "mAutoClutch": true,
        "mChangeTime": 80.0,
        "mClutchTime": 100.0,
        "mGearUpRatio": 85.0,
        "mGearDownRatio": 60.0,
        "mClutchEngagement": {
            "serializedVersion": "2",
            "m_Curve": [
                {
                    "serializedVersion": "3",
                    "time": 0.0,
                    "value": 0.0,
                    "inSlope": 1.0,
                    "outSlope": 1.0,
                    "tangentMode": 0,
                    "weightedMode": 0,
                    "inWeight": 0.3333333432674408,
                    "outWeight": 0.3333333432674408
                },
                {
                    "serializedVersion": "3",
                    "time": 1.0,
                    "value": 1.0,
                    "inSlope": 1.0,
                    "outSlope": 1.0,
                    "tangentMode": 0,
                    "weightedMode": 0,
                    "inWeight": 0.3333333432674408,
                    "outWeight": 0.3333333432674408
                }
            ],
            "m_PreInfinity": 2,
            "m_PostInfinity": 2,
            "m_RotationOrder": 4
        },
        "mClutchScale": 100.0
    },
    "mAxleList": [
        {
            "mDifferentialType": 0,
            "mWheelOptions": {
                "mTireModel": {
                    "instanceID": 28208
                },
                "mLateralFriction": 1.0,
                "mLongitudinalFriction": 1.0,
                "mLateralScale": 1.0,
                "mLongitudinalScale": 1.0,
                "mOverturnScale": 0.0,
                "mRollMomentScale": 0.0,
                "mSelfAlignScale": 0.0,
                "mRadius": 0.33000001311302187,
                "mWidth": 0.24500000476837159,
                "mMass": 6.0,
                "mTirePressure": 2.0,
                "mBrakeTorque": 4000.0,
                "mSuspensionUpTravel": 0.10000000149011612,
                "mSuspensionDownTravel": 0.10000000149011612,
                "mSuspensionSpring": 40.0,
                "mCompressionDamper": 3000.0,
                "mRelaxationDamper": 3000.0,
                "mSuspensionPreload": 0.0
            },
            "mWheelLeft": {
                "mWheelTransform": {
                    "instanceID": -74940
                },
                "mConvexMesh": {
                    "instanceID": 0
                },
                "mIsActive": true
            },
            "mWheelRight": {
                "mWheelTransform": {
                    "instanceID": -74946
                },
                "mConvexMesh": {
                    "instanceID": 0
                },
                "mIsActive": true
            },
            "mTorqueShare": 0.0,
            "mMaxSteerAngle": 35.0,
            "mAckermanCoeff": 1.0,
            "mAckermanReferenceIndex": 1,
            "mHasHandbrake": false,
            "mDiffStrength": 0.25,
            "mCamberAngle": 0.0,
            "mToeAngle": 0.0
        },
        {
            "mDifferentialType": 2,
            "mWheelOptions": {
                "mTireModel": {
                    "instanceID": 28208
                },
                "mLateralFriction": 1.100000023841858,
                "mLongitudinalFriction": 1.100000023841858,
                "mLateralScale": 1.0,
                "mLongitudinalScale": 1.0,
                "mOverturnScale": 0.0,
                "mRollMomentScale": 0.0,
                "mSelfAlignScale": 0.0,
                "mRadius": 0.33000001311302187,
                "mWidth": 0.2750000059604645,
                "mMass": 6.0,
                "mTirePressure": 2.0,
                "mBrakeTorque": 4000.0,
                "mSuspensionUpTravel": 0.10000000149011612,
                "mSuspensionDownTravel": 0.10000000149011612,
                "mSuspensionSpring": 40.0,
                "mCompressionDamper": 3000.0,
                "mRelaxationDamper": 3000.0,
                "mSuspensionPreload": 0.0
            },
            "mWheelLeft": {
                "mWheelTransform": {
                    "instanceID": -74952
                },
                "mConvexMesh": {
                    "instanceID": 0
                },
                "mIsActive": true
            },
            "mWheelRight": {
                "mWheelTransform": {
                    "instanceID": -74958
                },
                "mConvexMesh": {
                    "instanceID": 0
                },
                "mIsActive": true
            },
            "mTorqueShare": 1.0,
            "mMaxSteerAngle": 0.0,
            "mAckermanCoeff": 1.0,
            "mAckermanReferenceIndex": 1,
            "mHasHandbrake": true,
            "mDiffStrength": 0.3499999940395355,
            "mCamberAngle": 0.0,
            "mToeAngle": 0.0
        }
    ],
    "mStandardInput": {
        "mEnabled": true,
        "mControllerType": 0,
        "mShifterType": 0,
        "mUseRawAxis": true,
        "mCombinedAxis": true,
        "mVerticalAxis": "Vertical",
        "mHorizontalAxis": "Horizontal",
        "mThrottleAxis": "Throttle",
        "mBrakeAxis": "Brake",
        "mLeftAxis": "Left",
        "mRightAxis": "Right",
        "mClutchAxis": "Clutch",
        "mHandbrakeAxis": "Handbrake",
        "mShiftAxis": "SequentialGear",
        "mShift1Axis": "Shift1",
        "mShift2Axis": "Shift2",
        "mShift3Axis": "Shift3",
        "mShift4Axis": "Shift4",